{
    "camera_0": [
        [
            1080.1278004452295,
            0.0,
            659.9798833185592
        ],
        [
            0.0,
            1077.4786764058247,
            301.9137457607541
        ],
        [
            0.0,
            0.0,
            1.0
        ]
    ],
    "camera_1": [
        [
            1060.8389010908188,
            0.0,
            643.7431034937582
        ],
        [
            0.0,
            1065.91114782854,
            269.83334251570875
        ],
        [
            0.0,
            0.0,
            1.0
        ]
    ],
    "camera_2": [
        [
            1080.1278004452295,
            0.0,
            659.9798833185592
        ],
        [
            0.0,
            1077.4786764058247,
            301.9137457607541
        ],
        [
            0.0,
            0.0,
            1.0
        ]
    ]
}