{
    "camera_0": {
        "R": [
            [
                1.0,
                0.0,
                0.0
            ],
            [
                0.0,
                1.0,
                0.0
            ],
            [
                0.0,
                0.0,
                1.0
            ]
        ],
        "t": [
            0.0,
            0.0,
            0.0
        ]
    },
    "camera_1": {
        "R": [
            [
                -0.7424733449937332,
                0.3271002549543701,
                -0.584584258411567
            ],
            [
                -0.3839161300693955,
                0.5073527645044866,
                0.7714930831978942
            ],
            [
                0.5489460238004789,
                0.7972443763103271,
                -0.2511168401266694
            ]
        ],
        "t": [
            0.29036935469794106,
            -0.4796102640427377,
            0.8280456705261833
        ]
    },
    "camera_2": {
        "R": [
            [
                -0.9977297970770563,
                -0.013537140203492282,
                -0.06596967378793794
            ],
            [
                -0.06380197095165617,
                0.5035274284703259,
                0.8616202395955795
            ],
            [
                0.02155366621389604,
                0.8638731820198917,
                -0.5032480152564616
            ]
        ],
        "t": [
            -0.5759991746560837,
            -0.7912293207559844,
            1.2183008880929576
        ]
    }
}