{
    "R": [
        [
            -0.987823486328125,
            -0.05997049808502197,
            0.14355646073818207
        ],
        [
            -0.1389758288860321,
            0.7549002766609192,
            -0.640945553779602
        ],
        [
            -0.06993299722671509,
            -0.6530919075012207,
            -0.7540427446365356
        ]
    ],
    "t": [
        36.76430130004883,
        -12.49106216430664,
        40.593177795410156
    ],
    "num_points": 4,
    "world_points": [
        [
            0.0,
            0.0,
            0.0
        ],
        [
            150.0,
            0.0,
            0.0
        ],
        [
            0.0,
            150.0,
            0.0
        ],
        [
            0.0,
            0.0,
            66.0
        ]
    ],
    "camera_points": [
        [
            -0.13747338950634003,
            0.03735140338540077,
            1.055945873260498
        ],
        [
            -0.24977214634418488,
            -0.025266235694289207,
            1.0743253231048584
        ],
        [
            -0.10728664696216583,
            0.12019287049770355,
            0.9884816408157349
        ],
        [
            -0.14263364672660828,
            -0.010269057005643845,
            1.0334105491638184
        ]
    ]
}